{
  "train_loss": [
    0.7053424715995789,
    0.684326708316803,
    0.666704535484314,
    0.6445921659469604,
    0.6225476861000061,
    0.5990314483642578,
    0.5720882415771484,
    0.543198823928833,
    0.5151275396347046,
    0.4877926707267761,
    0.46088090538978577,
    0.43457531929016113,
    0.40968477725982666,
    0.38539841771125793,
    0.3613128960132599,
    0.3377673923969269,
    0.31556257605552673,
    0.29417163133621216,
    0.27228185534477234,
    0.2504425346851349
  ],
  "val_loss": [
    0.6912248730659485,
    0.6968831419944763,
    0.6936677098274231,
    0.6907870173454285,
    0.6878154873847961,
    0.6860684156417847,
    0.6846070289611816,
    0.6815348863601685,
    0.6752506494522095,
    0.667141854763031,
    0.6581605076789856,
    0.6459026336669922,
    0.6310797929763794,
    0.6147664785385132,
    0.5985158085823059,
    0.5829520225524902,
    0.5637826919555664,
    0.543670117855072,
    0.5215252041816711,
    0.49624180793762207
  ],
  "train_acc": [
    0.5,
    0.5,
    0.5,
    0.6875,
    0.8125,
    0.9375,
    0.9375,
    0.9375,
    0.9375,
    0.9375,
    0.9375,
    0.9375,
    0.9375,
    0.9375,
    0.9375,
    0.9375,
    0.9375,
    0.9375,
    0.9375,
    0.9375
  ],
  "val_acc": [
    0.5,
    0.5,
    0.5,
    0.5,
    0.5,
    0.5,
    0.5,
    0.5,
    0.5,
    0.5,
    0.5,
    0.5,
    0.75,
    0.75,
    0.75,
    0.75,
    0.75,
    0.75,
    0.75,
    0.75
  ]
}